"Timestamp","First Name:","Last Name:","Email:","What type of expert have you registered as? ","Is being a developer your profession or a hobby? ","What programming languages do you know? ","What technology would you like to learn more about? ","Have you worked with open data before? ","Have you participated in a hackathon before?","What makes you an excellent candidate for the TrafficJam hackathon?","What is your experience in traffic and/or urban planning?","What is your experience with data journalism or storytelling? ","What is your experience in software and or business?","Are there any tools you'd like to have access to?","What makes you an excellent candidate for the TrafficJam hackathon?","Which category(s) would you put yourself in?","Is this your profession or a hobby?","Are there any tools you'd like to have access to?","What makes you an excellent candidate for the TrafficJam hackathon?","Is this your profession or a hobby? ","What is your experience working with data?","What kind of applications do you prefer to use? ","What format do you prefer your data to be in for the hackathon? ","Are there any tools you'd like to have access to? ","What makes you an excellent candidate for the TrafficJam hackathon?","What kind of projects (applications, tools, resources, visualizations, data stories) are you looking to work on? ","Why do you want to participate in TrafficJam? ","Twitter Handle:"
"2015/08/14 6:40:12 PM GMT","David","Ticoll","dticoll@gmail.com","Idea Generator","","","","","","","Co-leading a study on the policy and planning implications of automated vehicles on behalf of a large city. 

Involved as president of a residents association in the complex planning issues in the Yonge-Eglinton area. 

Long time researcher and author on the strategic implications of emerging technologies. ","Experienced author of popular business-oriented books and articles. Public speaker.","Launched and led successful for-profit and social entrepreneurial ventures. Familiar with some elements of programming but no programming skills. ","Not that I know of.","I have sometimes good ideas about change and innovation. ","","","","","","","","","","","Preparing Toronto for a world of automated vehicles and intelligent transportation networks.","See above project idea.","@dticoll"
"2015/08/14 6:42:09 PM GMT","Preshoth","Paramalingam","preshoth@gmail.com","Developer","Profession","C;C++;C#;Objective C;Swift;Java;Javascript;Python;PHP;Ruby;SQL;Node.js","Big Data , Hadoop, Machine Learning","I'm a pro!","Yes","My professional and open source experience in development will be a key asset in helping with traffic jam. My high analytical skills will help plan out the best strategies for the hackathon. ","","","","","","","","","","","","","","","","Back end server, machine learning frameworks, Hadoop framework, Front end development","I want to help solve the general issue of traffic and to explore various technologies in development. ","Preshoth"
"2015/08/14 6:44:21 PM GMT","Hamish","Campbell","hamish.campbell@mississauga.ca","Idea Generator","","","","","","","11 years as professional transportation planner and traffic engineer","Further to the above - 11 years of experience ""selling"" good ideas to leadership that result in mobility improvements for the traveling public","Coding/building websites, basic APIs, strategy advisor to a few startups","- TransitMix
- Google Earth
- Excel","I have sooooooooooo many ideas.  Also, because of my professional background, I can help focus the efforts of the group by providing context.","","","","","","","","","","","Framing question and visioning session: what would it look like if we took away all the cars?","To contribute 1000% and to try and do something similar in my own City","Twitter is old news"
"2015/08/14 6:45:01 PM GMT","Jean-Luc","David","jldavid.mail@gmail.com","Developer","Profession","C;C++;C#;Objective C;Swift;Java;Javascript;PHP;SQL;Node.js","Interested in the open data sources, also integrating hardware to help solve the problem.","I'm a pro!","Yes","Participated in many hackathons - good track record of creating hacks and forming great teams: http://www.linkedin.com/in/jldavid","","","","","","","","","","","","","","","","Looking to work with Arduino and sensors to track traffic flows, APIs and web technologies to surface the data.","I'm passionate about using technology to solve real world problems - this is a major issue in Toronto, and I'd like to contribute to the solutions. :)","@jldavid"
"2015/08/14 6:45:40 PM GMT","Mohit","Shah","mohit.shah41@gmail.com","Developer","Profession","Java;Javascript;Python;SQL;Node.js","Apache Spark, Hadoop","Some experience","Yes","I have participated in past in many different hackathon and also as a professional I work with data to analyze and get some useful insight from that. This quality will be useful to TrafficJam hackathon.","","","","","","","","","","","","","","","","Mostly I would like to work with apache spark as that tool is used by many people nowadays and also I have some experience in it.","The reason behind to participate in TrafficJam is get to know new people and try to find like mind people who also interested in generate new ideas.",""
"2015/08/14 6:46:23 PM GMT","Adam","Worrall","adam@adamworrall.com","Developer","Profession","Javascript;Ruby","I'd like to learn more about GIS, distributed systems and graph databases.","Some experience","Yes","I'm very versatile - I have a degree in fine art, I'm able to do design, front-end development with React, and back-end with Rails. I know it can be tough to get all roles filled on a team, and I'm able to contribute in multiple ways.","","","","","","","","","","","","","","","","Anything - I'm not an expert in data science but I'd love to work with someone who is to build a coherent consumer product, tool or library for developers, or visualizations that might support advocacy/policy development.","I love Toronto, and our traffic and transit situation is one of the biggest problems facing this city. Our council isn't doing a great job of addressing the situation, and if there's a technological solution I'd love to contribute to it.","@remedy"
"2015/08/14 6:48:22 PM GMT","Alexander","Farley","alexander.s.farley@gmail.com","Developer","Profession","C;C#;Ruby","Large-scale traffic management systems. ","No","No","I've been working on a video-based intersection traffic monitoring tool for the past several years. It's in a working (prototype) state now. Getting feedback from prospective users would be hugely useful to direct the future development of the system. 

The software I'm working on is capable of monitoring several intersections simultaneously. It records position, velocity and turn information for each vehicle. The measurements are aggregated in realtime on a centralized server. 

The server could expose traffic data on a public API if that would be helpful for various open data initiatives. Mainly, I'm looking for a chance to demo the product and hear users' thoughts. It would also be great for me to develop some contacts with people who are familiar with large-scale ITS systems. ","","","","","","","","","","","","","","","","Large-scale real-time traffic monitoring is my primary interest. I'm also interested in visualization/presentation, and learning more about how to serve the demographic which consumes this sort of data. ","In order to demo my project, get feedback, and build contacts with anyone involved in ITS systems. ","aseamusfarley"
"2015/08/14 6:54:26 PM GMT","Ksenija","Gogic","ksenija@theworkinggroup.ca","Digital Artist","","","","","","","","","","","","UI/UX Designer;Graphic Designer;Web Designer","Profession","Besides the tools available on my computer, I don't think so.","I have a background in user research so I'm ready to start ideating for the user. I've also been the user and I'm excited to focus down on a solution with a multidisciplinary group.","","","","","","","I'm looking forward to creating either a systems redesign, incorporating technology into the solutions, or a mix of both.","Because it affects us all!",""
"2015/08/14 6:58:17 PM GMT","Leon","Lukashevsky","leon.lukashevsky@gmail.com","Developer","Profession","Javascript;Ruby;SQL;R","I'm interested in learning more about data analysis, statistical and computational modelling, and data visualization and mapping (especially in R). ","Some experience","Yes","In terms of skills, I cover a lot of the bases that I imagine will be relevant at TrafficJam: I'm an experienced full stack web developer, as well as competent at working with data, my current area of interest. More broadly, I'm a good problem solver and have a knack for ideation. And I'm enthusiastic about the event: I care about our city and would make the most of an opportunity to make a positive contribution to solving one of its stubborn problems. I'm well connected to the web development, data science and civic hacking scenes in town, and am open to the possibility of carrying on with projects that emerge from the hackathon, or helping vet the data that will be used there in preparation for it, and looping in other collaborators.","","","","","","","","","","","","","","","","I would need to gather information about Toronto's traffic problems, and understand what data is available, and understand what the specific goals of the event are. I strongly recommend that the organizers start this conversation with participants as early as possible. I've found that hackthons are only as good as how well the problems being tackled are defined. Perhaps a reading list can be recommended: news articles, essays and books that give a broad perspective on traffic problems in general and/or in Toronto specifically, and what stakeholders are hoping to achieve. It would also be great to assemble what data might be relevant as early as possible. The vast majority of time spent working with data is looking for it and then munging/cleaning it. It would be good to get this out of the way before the event.","Please see my answer to why I think I'd be valuable at the event.","@le0nL"
"2015/08/14 7:16:29 PM GMT","Jonathan","Dursi","jonathan@dursi.ac","Data Detective","","","","","","","","","","","","","","","","Profession","As an astrophysicist, both as a graduate student and as a Senior Research Associate, I worked with very large simulations of astrophysical systems (supernovae, planet formation, galaxy clusters), analysing the data from those and looking for patterns; I also worked with experimental fluid dynamics simulations.  

After my time at the Canadian Inst. for Theoretical Astrophysics, I worked at SciNet, the University of Toronto's high performance computing centre, where I worked with researchers from departments across the university to help them make sense of their data for their research.

I currently work as a scientific associate at the Ontario Institute for Cancer Research, where I analyse genomics data itself, and the statistics of software packages that analyse genomics data (somatic variant callers - essentially binary classifiers), as well as creating new algorithms for extracting useful data from very noisy new-generation sequencing equipment.","I typically use some mix of R and python for analysing data, and shell scripting for munging data into shape.","csv","Coffee and collaborators.

Other than that, if I have my laptop and reliable internet access (to run computations on clusters I have access to) I should have everything I need.","I've worked with a wide range of data types using a wide range of tools, and care sincerely about improving our city using open data and careful analysis.","I think I'd be most useful on the back end, exploring the data, generating and testing candidate models, and supplying those and processed data to those generating front-end applications and visualizations.","I want to use open data and analysis to make our city better.","ljdursi"
"2015/08/14 7:45:38 PM GMT","SooJeen","Park","soojeen@gmail.com","Developer","Profession","Javascript;Ruby;SQL;Node.js","big data, UI/UX","Some experience","No","excited to learn!","","","","","","","","","","","","","","","","anything and everything","traffic and urban transportation problems can be solved with tech.
i'm a junior developer looking for opportunities to get involved.","soojeen"
"2015/08/14 8:05:40 PM GMT","Kashav","Madan","kshvmdn@gmail.com","Developer","Profession","Objective C;Swift;Javascript;Python;PHP;SQL","Definitely would like to expand my knowledge with hardware particularly arduino. ","No","No","I am keen to learn and expand my knowledge. Additionally, I am and have been a resident of the GTA for my entire life. 

I am young and have some great ideas for hacks that I will undoubtedly be able to create. TrafficJam is a great place for me to experience this and learn from people around me. 

I am very excited about attending this hackathon. ","","","","","","","","","","","","","","","","I will likely create a webapp of some sort. It is the easiest and fasted method of deploying an application and I will be able to implement one of my ideas to its full potential. ","TrafficJam sounds like a lot of fun. 

The concept of hackathons is very exciting to me but unfortunately do not have enough experience for any other hackathons. 

TrafficJam is a great hackathon because not only does it give me the opportunity to apply my programming knowledge but also its for a great cause. ",""
"2015/08/14 8:11:11 PM GMT","Tracy","Inoue","tinoue@sympatico.ca","Idea Generator","","","","","","","I have no direct experience in traffic or urban planning.  As a motorist and public transportation user, I am familiar with the pain points of day to day urban life and commutes.  Having lived abroad in Japan for a number of years and traveled to a number of countries outside Canada, I have seen and experiences how other countries provide public transportation to their cities.","I have always had a passion for creative writing and communicating with others, often in a multi-cultural environment.  Storytelling begins with an idea--and it is important to tailor the story to your audience, but ensuring that it is done in a concise and entertaining or informative way, depending on the theme.  I ensure that when I am telling the story that my audience is engaged, comprehending--by watching  body language, expression, and adjusting accordingly.  ","I have over twenty years in the financial services, the past 3 as a business analyst for international systems--evaluating the needs of front-facing clients and turning them into concise requirements.  This involves fully understanding stakeholder needs and being able to think outside the box to provide unique and meaningful solutions.  For this we use waterfall methodology and are beginning to use agile techniques.","Post it notes--great for brainstorming, consolidating and grouping information.","  I am a team player, but able to lead a team through thoughtful discussions to reach consensus. i have excellent analytical and communication skills and I look past the end solution--how will these decisions be sustainable and adaptable for the future needs of the city. This is an opportunity to get out of my comfort zone by brainstorming in a compacted period of time--and I am up to the challenge.","","","","","","","","","","","I am willing to work on multiple projects--including tools, visualization and data stories.  Though I cannot create applications, I can review high-level designs from the end-users viewpoint to provide feedback.","I have lived in Toronto for over 40 years and am passionate about being a Torontonian.  This is a wonderful opportunity to give back to the city using my analytic skills, life skills and experiences and ability to think outside the box for solutions.  And finally, i want to be a part of this experience.","@TracyInoue"
"2015/08/14 8:23:20 PM GMT","Adam","Wenneman ","Adamwenneman@gmail.com","Idea Generator","","","","","","","MASc in transportation engineering and over one year of experience working at a local transportation planning consultanting company. ","Two academic publications, five conference presentations, a master's thesis, and several professional reports all of which required buiding a compelling narrative through data. ","Led a team in the development of a commuter parking demand distribution application for GO stations. ","Excel, Access, R, ArcGIS or QGIS, and Illustrator. ","I'm an expert in the subject matter and have a strong interest as well as some experience building technology based solutions to transportation challenges. ","","","","","","","","","","","Parking, commercial vehicle deliveries, and cycling. ","We have more data than ever on how our city is working, but the solutions to transportation problems have not kept up. I see Traffic Jam as an opportunity to jump start the development of innovative solutions in Toronto and I want to be a part of the group that makes it happen. ","@_adamvv"
"2015/08/14 11:58:07 PM GMT","Andrew","Carreiro","andrewcarreiro@gmail.com","Developer","Profession","Javascript;PHP;Ruby;Node.js","IoT","Some experience","Yes","I believe I am a versatile developer (Full stack + Adobe Suite skills), work well with teams, and have a head for planning and estimates. ","","","","","","","","","","","","","","","","I'm fluent in NodeJS (Express / Sails) on the back end, but am at my best while prototyping front end experiences. I have some experience in Arduino, and I would love to do something involving hardware.","I want to build something engaging and visual, with the potential of it growing into a larger project.","arcadeerrorwin"
"2015/08/15 12:07:30 AM GMT","david","dou","daviddou82@gmail.com","Data Detective","","","","","","","","","","","","","","","","Profession","I run a open data website www.davidanalytics.com","tableau
open refine
knime
pandas","csv","i have not thought about that","I will be there.  I have been a long time advocate for open data and a experienced practitioner.  ","visualizations and data stories","find insight based on transportation data",""
"2015/08/15 1:30:57 AM GMT","Martin","Sykes","martinalansykes@gmail.com","Data Detective","","","","","","","","","","","","","","","","Profession","I work with spatial geological and topographic data related to geological exploration. My experience is with GIS data in relation to making maps and viewing and manipulating spatial data.","I use ArcMap daily in my work and this is my preferred application. This has made me familiar with Microsoft Excel and Microsoft Access. ","csv","Access to ArcMap and the MS Office Suite would be ideal - if not another GIS software.","Problem solving motivates me and finding trends and patterns within data excites me. I enjoy working in small teams viewing, manipulating and presenting data to a wider audience. My strengths lie in being able to present data in a clear and understandable manner. ","I'm interested particularly in visualization and data stories. I have experience working with spatial data and map/image creation. I like to create a story from data and present it in a useful and informative manner.","I would like to use my skills and experiences and apply them to a different interest set of mine. Transit vision affects me every day in the city and intrigues me in how to solve issues related to human and vehicular traffic flow. I want to help contribute to a project which proactively is trying to solve the complex issue of transportation in my city, Toronto.","@martianskyes"
"2015/08/15 3:07:04 AM GMT","Wes","Johnson","wes@theworkinggroup.ca","Developer","Profession","Java;Javascript;PHP;Ruby;SQL;Node.js;Nodejs is not a language!","Hardware in general","Some experience","Yes","I work at a company that loves solving these kinds of problems and I'd like to solve the biggest problem facing our city!","","","","","","","","","","","","","","","","i'd like to build an app that solves traffic issues, it may include visualizations. I'm not really sure what this question is asking.","Congestion is a huge issue in Toronto and this weekend is an excellent opportunity for a lot of smart people to try to solve this, I feel my skill set would be integral to any team (though I would gravitate to working with my colleagues)","Sterlingwes"
"2015/08/15 3:40:23 AM GMT","Javed","Nissar","javednissar@gmail.com","Developer","Hobby","C++;C#;Java;Javascript;Python;Ruby;SQL;Node.js;Haskell, Golang, and ","I am interested in learning more about embedded systems programming.","No","No","I would be an excellent candidate for the TrafficJam hackathon because I was the programming lead for my high school's robotics club and as a result, I have plenty of experience with embedded systems programming (I would still like more though).","","","","","","","","","","","","","","","","I am interested in working on predicting the movement of traffic using public datasets.","I want to participate in TrafficJam because I want to work on an interesting problem with other people.","@JavedNissar"
"2015/08/15 4:16:43 AM GMT","Xavier","Galvez","xavier.galvez@gmail.com","Developer","Profession","C;C++;Objective C;Perl","Machine learning. Using open data as inputs into neural networks and recognize patterns which can be analyzed; can be especially useful for traffic applications.","Some experience","Yes","I'm experienced as a developer in a few languages, but also switch from engineering to product management and evangelist if needed. Can do the tech and the talk. Even design, if required.","","","","","","","","","","","","","","","","iOS app, or backend analysis of data.","Would like to make contacts in this space, as traffic data is difficult to come by. There are a lot of opportunities to analyze Toronto traffic, and this will be a great venue to participate in.","@xavgalvez"
"2015/08/15 4:20:03 AM GMT","Tri","Nguyen","tritanix@gmail.com","Data Detective","","","","","","","","","","","","","","","","Profession","I am an experienced data engineer (expert in SQL and ETL). Big Data architect (Hadoop, and Data Science certified). I can also do distribute programming using Spark and Scala.

I am thorough working with data. I take great care of data clean up and validation to prepare the data so it could be queried to answer the questions that data owner want to obtain. I am very good in data query and I like to nice visualization. Here is the work I did on the Data4Good datathon in December 2014: http://rpubs.com/TriNguyen/DatathonDec2014","RStudio, (R Programming). In case of Big Data and heavy processing is needed: I would prefer Scala (language) and Spark (processing framework), IntelliJ (development tool), Linux.","csv","RStudio, IntelliJ Idea, Scala, Spark, Linux
I have my own laptop","My experience cover mostly the entire spectrum of the data cycle: 
- getting the data (connecting to various data sources and formats), 
- programming (exploratory, transform, validation, cleanup)
- analysis (queries & modelling)
- visualization (plotting)

I know several tools and programming languages. I can accommodate from single workstation solution (work can be done on a single machine) or distributed solution design (on a multi node cluster)

This broad experience allows me to fit with any team and within the team, I may be flexible adapting to various positions.","I am not familiar with the topic of TrafficJam. As long as the objective of the project is reasonable and the data has enough substance to support the desired answers, I can work on it.

The dev tools are already mentioned in previous question.

I prefer an application that involves a data pipeline, then working on that data to flow it into an analysis and getting a high level and interpretable results.

Although I practice Data Science, but I am more of an engineer than a mathematician. I will not be able to solve problems which requires a high level maths skills. I hope there will be mathematicians to take care of this if ever the need arises.","I like to team with the bests to exchange experience. And to prove to myself that I am able to keep up with the pros. The volunteer work I do in Data Science is an asset in my resume which is too skewed towards data engineering.","@tritanix"
"2015/08/15 6:00:19 AM GMT","Michelle","Berquist","michelle.berquist@gmail.com","Idea Generator","","","","","","","I have a lot of formal experience in traffic and planning as a project manager at the City of Mississauga's Transportation and Infrastructure Planning division with a Master of Science in Planning from U of T.  

My experience of taking transit from my home at Bloor and Christie to Mississauga's City Centre each day is where a lot of my passion for traffic issues comes from.","My first charrette was the MOVE Sustainable Transit Expo at the Brickworks in 2012. It was privilege to write the copy for the ""Greenways and Waterways"" exhibit that told the story of our team's vision for multi-modal transit in the Don Valley. In my work and studies I am often required to publicly present, and benefit from the practice of narrating on the spot. 

As a planner working with engineers I am well practiced at working with technical information to tell a story. I feel ready to craft a story with the data at TrafficJam.","The start up phase of business draws me in. As an undergrad I co-founded a eco-shop and resource centre that helped students act on their environmental beliefs. The centre is still operating almost 10 years later (www.queensearthcentre.org/). In my current work I help implement new business systems in a large institutional environment. I am very comfortable with the Microsoft Office Suite and love opportunity for more exposure to Adobe. Every day new business-enabling apps appear online that I enjoy experimenting with.
","The web is full of fun and functional tools that will enable the team to do creative work. I think that a few laptops, wifi, and brilliant minds (including some data detectives with more sophisticated analytical tools that they know how to use) will be everything I'd like access to.","I think I'd be a great fit for TrafficJam because I thrive on short deadlines, get along quickly with new people and play a motivating role on a team. I bring both knowledge and skills in the field, but also an appetite for playing with new ideas.
","","","","","","","","","","","I love to find patterns in space and relationships. I would be most interested in working on a project that involved mapping or statistical pattern recognition. 

My experience as a transit user lends me to work on transit ridership stories, or transit access.



","I live in Toronto, work in Mississauga, and love friends and family in Burlington, Hamilton and Guelph. I do not own a car and get between these destinations by transit, car share, carpool or hitchhiking. I hope that my experience can help inspire creative ideas about how we can get around the GTA.","mberquist"
"2015/08/15 4:41:42 PM GMT","Rob","Palinic","robpalinic@gmail.com","Data Detective","","","","","","","","","","","","","","","","Profession","10 years analytics, Statscan, Customer Analytics, Marketing Analytics","SAS, SQL, Tableau, R","csv","Tableau","I love working with data and always find the needle in the haystack.","Visualizations and data stories would be great.","A chance to work with traffic data and to do something useful.","@rob_palinic"
"2015/08/15 6:14:35 PM GMT","Meghan","Hellstern","mhellstern@marsdd.com","Digital Artist","","","","","","","","","","","","UI/UX Designer","Profession","Wireframing supplies (pens/markers/paper/sticky notes), user research data, prototyping software (Axure, Balsamiq, etc.)","I have a keen desire to improve the use of design in building better citizen experiences. To that end I've been working for the past few years for the federal government helping to harness the power and potential of user-centered design in creating more human-centric government policies, programs and services. I would love to bring this background in government and design to bear on a more local issue like traffic and transportation. I also organized Civic Design Camp Toronto and Ottawa GovJam 2014 both of which featured similar design-led problem solving processes focused on public issues so I am eager to both participate in a similar process as well as bring my own experience designing and participating in such processes into TrafficJam.","","","","","","","This is a bit of a funny question so early on in the process. I would like to find a real, concrete problem faced by users involved in traffic/transportation and work on a project that would address that problem. The type of project to me is less relevant than truly working to address a tangible issue that can better citizens' lives if addressed.","As mentioned previously I've organized several similar processes so I am eager to check out how others are approaching the same idea of creating collaborative spaces for interdisciplinary and intersectoral teams to collaborate in the interest of the public good. I'm also keen to meet and work with other like-minded civic innovators.","mhellstern"
"2015/08/15 8:28:52 PM GMT","Yohan","Yee","yohan.yee@mouseimaging.ca","Data Detective","","","","","","","","","","","","","","","","Profession","I am a PhD candidate who uses neuroimaging data to better understand autism. More specifically, I look at patterns of covariances in brain region volumes in mice and humans to understand how brain regions connect to each other, and how these connections and the overall brain network are disrupted in autism. 

As part of my undergraduate studies, I have examined spatial data and weather patterns, visualizing them using ArcGIS. ","R and Python ","csv","A Linux based OS with R and Python, along with common libraries (e.g. ggplot, hclust, and igraph for R, and numpy, scipy for Python).

ArcGIS may be useful too.","In short, my past and present experiences in working with numerical data from different origins would make me an excellent candidate for TrafficJam:

I completed a degree in Integrated Science at McMaster, which involves integrating knowledge across all areas in science. As part of this program, we used data from various fields including physics, earth science, and biology, to address specific problems and model systems such as climate on Mars. Additionally, I completed a second major in physics, and minored in mathematics, which allows me to translate real world problems to numerical and spatial models that can be solved mathematically or computationally. 

Having a diverse educational background, I may be able to help solve problems by providing insights that span multiple fields. Having worked with diverse datasets mentioned previously, and working with neuroimaging data at present, I believe I have the practical skills required to parse through and find patterns in spatial and temporal data to solve problems at hand. ","Traffic flow in Toronto moves across a network of streets and public transportation routes, and moving people across Toronto efficiently requires optimizing this network. I would like to work on a project that involves characterizing and optimizing this network flow using available traffic data along with computational modelling. ","I think it would be a great experience. As a researcher, I thrive on solving problems, and I imagine that I really enjoy working in a team to tackle Toronto's traffic problems.","@therealyohanyee"
"2015/08/16 12:52:10 AM GMT","Sukhveer","Sanghera","sanghera@everhusk.com","Developer","Profession","C++;C#;Swift;Java;Javascript;Python;PHP;Ruby;SQL;Node.js","I have competed in a few Machine Learning (kaggle) competitions using sci-kit learn and am hoping to learn more about deep learning using theano.","I'm a pro!","Yes","I am very passionate about reducing traffic jams in Toronto. For the Pan Am Games, I designed and developed an entire web/mobile platform from scratch to let people find others who share their commute, we were featured in TechVibes, Vice, CP24, and many others. Additionally, I also have a background in Machine Learning from my thesis (https://tinyurl.com/pckr6pu) which used genetic algorithms for optimization, worked as a data scientist at my previous job to develop machine learning algorithms to replace traditional underwriting methods, and have competed in Kaggle competitions.","","","","","","","","","","","","","","","","I am looking to build applications or tools which can leverage Machine Learning to come up with innovative new ways to beat traffic.","I personally commute from Oakville to Toronto (and back) everyday, and it really sucks. This is why I built Commutero, and I am extremely dedicated to helping solve this problem that we all face.","@everhusk"
"2015/08/16 7:20:37 PM GMT","Robert","Stanica","robertstanica@gmail.com","Developer","Profession","C;C++;C#;Java;Javascript;PHP;SQL;Node.js","Node.js, Angular.js, neural networks/deep learning, big data","No","Yes","I develop as a profession and as a hobby. I have experience working in groups and leading groups. I'm actively trying to change the world. ","","","","","","","","","","","","","","","","Anything. My expertise lies in application development but I'm willing to participate in any kind of project.","I want to play a hand in solving a problem that affects my life on a daily basis. ","@tr0p"
"2015/08/17 12:41:35 AM GMT","Jesse","Stuart","jesse@jessestuart.ca","Developer","Profession","Javascript;Ruby;Go","Rust, React native","No","No","My creative problem solving abilities, and an awareness of the traffic issues we currently face.","","","","","","","","","","","","","","","","Timing traffic signals, optimizing lanes (size, type, quantity).","The current traffic system is very broken and I'd like to help fix it.",""
"2015/08/17 2:43:44 AM GMT","Monika","Nasterska","nasterska@gmail.com","Idea Generator","","","","","","","I am completing a master's degree specializing in urban transportation. I have worked on various projects that model traffic within the GTHA, and I am well-versed in the relationship between land use and transportation. I have done primary research on freight transportation in the downtown core and assessed the economic impacts of regional transportation plans.","I have a variety of experience using large datasets. I regularly interpret regional transportation survey data, which tracks where individuals go and why. This information is used to predict their future behaviour and their responses to external inputs. I have also performed statistical analysis on city datasets, and will be incorporating GPS information into a project that I am currently working on.","I use transportation modelling and GIS software regularly. I am also involved with the development of improved transportation modelling; specifically, I write code that expands the functionality of transportation modelling software.","R Studio
ArcGIS
Visual Studio","I have a wealth of transportation knowledge, a knack for problem-solving, and a strong desire to live in a less-congested city. ","","","","","","","","","","","Current technologies can provide us with an unprecedented wealth of information. It is possible to assess how people's travel patterns are affected by factors such as: transit service levels or the built environment. I would like to work on mobile apps that collect and interpret this information in order to optimize the transportation network.","Transportation is my passion. I have lots of ideas for improving traffic flows in the city and I would love to have a chance to implement them.","@nasterska"
"2015/08/17 12:22:24 PM GMT","Danny","Brown","dbrown@urbanstrategies.com","Idea Generator","","","","","","","I am an urban planner with a year and a half's experience. I have worked on topics as diverse as climate resiliency planning, transit oriented development, residential policy, and community services research using open data. I wrote my graduate thesis on civic crowdfunding and turned down a PhD at the University of Toronto in smart cities and civic technology. Finally, I wrote several papers as part of my graduate studies on the intersection of digital technology and civic issues such as the future of transportation, digital engagement, and tree planting in urban areas.","I have been a blog writer for almost three years with a group called OpenCity Projects. I have written on topics ranging from the use of mobile devices in public spaces, to winter city design, to buried infrastructure. ","Before my career as an urban planner, I worked as a social media community manager for a large European computer games company. For the past year I have been working as a private consultant at Urban Strategies.","Office Suite, Google Earth, OpenStreets Map","I have the requisite academic background and personal comfort with the intersection of digital technology and tools and urban planning. I understand how these two areas have increasingly overlapped and will be able to share my knowledge and resources with my teammates.","","","","","","","","","","","Visualizing traffic impacts, finding efficient parking areas, demonstrating value of short walks to/from parking, illustrating parking density vis a vis other important factors (density of restaurants, pedestrian traffic, etc). ","Not only is TrafficJam going to be insane amounts of fun, I also believe it will result in some useful findings for average Torontonians.","@dannybr0wn"
"2015/08/17 1:48:25 PM GMT","Marjorie","Castro","marjorie.castro@sweet-lime.ca","Digital Artist","","","","","","","","","","","","UI/UX Designer;Web Designer","Profession","Access to current and past data on Toronto Traffic. Would be great to review a few days before.","I commuted from the Brampton to the downtown core in car for many years. Later on I moved to the east end much closer to the city but continued to use my car. In the past 6 months I have given up my car and began to once again take the TTC. I have experienced long commutes, parking woes and  the benefits and flaws of the Red Rocket. I am also a member of an active car share service.

I have driven in the city and outside of it for many years and know its streets well. At some point one develops shortcuts and schedules to avoid being stuck in traffic. I believe we have the capabilities as a city to ease traffic and be more effective. I would really enjoy being part of this initiative and collaborate with other Torontonians to think up new ideas to ease traffic in our city. ","","","","","","","How to increase flow of traffic in known areas that could be a cause of the geography more than of the actual volume. 

Messaging on the highway systems, is there an opportunity to use Psychology to influence behaviors?","I believe in a city that flows and moves in real time. One that uses technology to help it move forward. We all want to spend more time in our destinations and homes then in our cars waiting to arrive frustrated about our situation. Releasing new ideas into the community can help us start a conversation that many Torontonians want to have but we have left behind. Looking forward to sharing some ideas! ","@sweetlimeca"
"2015/08/17 3:24:54 PM GMT","Tim","Leonard","tsk@yorku.ca","Data Detective","","","","","","","","","","","","","","","","Profession","3rd year PhD student in neuroscience/psychology. 
I am well versed in time-series data. We work mostly with EEG time-series and eye movement time-series data. Any given data recording session is between 2 and 10 gigs, and we must merge many of these sessions, and integrate behavioural information, in order to perform our analysis.
 ","MATLAB
R
Tableau
Excel

Python (PyCharm as IDE)","json","A large monitor would be wonderful. 

Fast internet would also be a plus.","I am well practiced in the art of munging raw data, and exploring it in order to understand underlying patterns. 
I especially love the challenge of creating intuitive and striking visualizations.
","I am project agnostic, my goal is to provide the data insight required to power any of the projects types mentioned above. ","I am looking to move towards industry after graduating. Events like this are great for helping me bridge my academic skills to the business world. ",""
"2015/08/18 12:39:13 PM GMT","Imran","Ansari","ansari.imran@gmail.com","Idea Generator","","","","","","","I have no experience with traffic and/or urban planning beyond studying the topic out of personal interest. ","I am a filmmaker with years of experience as a screenwriter and more recently as a co-director of our second short film. Both short films have been accepted into multiple film festivals across the US and Canada and received critical praise. I have also worked as a part-time professional wedding videographer for the past 7 years and have a ton of experience in filming events as well as editing together highlight reels in a short time span. ","I am a Senior Product Manager at an enterprise software company whose main focus is building solutions that allow an IT team to remotely provision and manage fleets of mobile devices wether they be warehouse devices for scanning inventory, or corporately issues smart phones. Our software involves multiple components and complicated architecture to allow IT admins to easily monitor the status of potentially millions of devices, compile and send configurations remotely to devices and be alerted to issues or errors in a meaningful and non-overwhelming way. I have worked for the past 3 and a half years in this role and interacted with customers across a number of industiries including retail, healthcare, public sector, aviation, transportation and logistics, and warehousing. ","I am flexible enough to work with any tool (including pen and paper) to generate and map ideas. A prototyping tool would be ideal as would a tool to manage stories (such as JIRA), but not entirely necessary.","I have driven 350,000 kilomteres in the past 10 years. I'm on the road. A lot. The majority of that is commuting to and from work and running errands for many family members, so I have years of experience being caught in traffic and visualizing the impacts of small things such as narrowing lanes or a car pulled over to the side of the road, or even slowing down too much to switch lanes.

As a person, I am someone who dislikes status quo and acceptance of things as they are simple because ""it's always been that way."" At work and in my creative endeavors I like to challenge the teams I work with to bring their best ideas to the fore. I am well spoken and enjoy building solutions to technical problems.

At the heart of it, I like finding problems and solving them, and I'm very good at doing that. 

I think Toronto is a world class city that is on the verge of hitting a wall with regards to people and how they move around in the city. The challenge of how to best enable people to get to where they want to go is a critical issue for the city and one that holds a lot of personal value to me. I look forward to the opportunity to be a part of a solution. ","","","","","","","","","","","I would ideally love to work on building an application to help design better traffic management systems for traffic light management. I am happy to work on bringing other ideas to reality as well in terms of applications or visualizations. As someone with a lot of experience making videos and films I would be excited as well for the opportunity to document the progress along the way and work with a media team to spread interest for an idea. ","I believe Toronto is one of the greatest cities in the world. It has world class cuisine, nightlife, tourist attractions, and most importantly people! People can't easily get to where they need to go in this city and that is what will hold Toronto back from being a truly world class city. The problems facing commuters on a daily basis, as well as those faced by people just trying to get around are palpable and cause a measurable impact to their overall satisfaction with their life. Getting to somewhere you want to go shouldn't negatively impact your day, yet it does all the time in Toronto. I want to help make that better. ","immythekid"
"2015/08/18 10:24:02 PM GMT","Joy","Tan","joyt@gadventures.com","Data Detective","","","","","","","","","","","","","","","","Profession","I have over 10 years working as a database analyst in various industries (banking, retail, technology, travel).","open source","csv","MySQL Workbench /SQL Power Architect ","As a Toronto commuter, my mornings and evenings get eaten up by the slow crawl of traffic and the bumper to bumper gridlock that engulfs the city on a daily basis.  As a database professional, I'd like to use my skills for a collective good.  Additionally, I'm a great team leader and have strong organization, and delegation skills to keep a team on track.  ","I'm hoping to attend the hackathon with some of my developer co-workers, so I'd like to stay open-minded on the kind of projects to work on.  ","i really want to help make the traffic situation better in Toronto.  It would be a great experience to collaborate with some great Toronto thinkers, and produce some viable solutions.  ",""
"2015/08/19 1:38:30 AM GMT","Joanne","Dang","codebyjo@gmail.com","Developer","Hobby","Javascript;HTML, CSS, JQuery","I would like to learn PHP, SQL, Node.js and get more practice with the ones I'm currently working with.","Some experience","No","I'm an excellent candidate for this Hackathon because I'm a trained town planner and have worked overseas for both private firms and as for non-profits. 

I have also taken up an interest in front end web development and looking for ways to use technologies to help shape our cities.","","","","","","","","","","","","","","","","I am looking on projects where technology can assist the delivery of planning initiatives. ","I want to participate in Trafficjam because I am interested in the smart growth of cities, am keen to use some web development skills and would like to take part to come up with better transit solutions for Toronto.
",""
"2015/08/20 4:22:39 PM GMT","Fran","Rawlings","rawlings.fran@gmail.com","Idea Generator","","","","","","","I have over 10 years experience  in community development working in the nonprofit sector. I understand the circumstances of Toronto's most vulnerable populations and how better services can affect their needs. ","I am currently in the process of completing a curriculum on how to carry out a situational analysis. The curriculum is focused on how coordinators in different regions (both rural and urban) throughout the province of Ontario can identify gaps in services and care for women vulnerable to and/or living with HIV/AIDS. ","-  I maximized outreach efforts by building out MUJER’s entire web and social media presence, enhancing the organization's outreach and doubling the number of program participants. 
- I ran numerous Lean Startup Machine workshops all exceptionally successful
- I was the executive director of a nonprofit for 4 years
- I was an account executive at a telecomm company where I developed and expanded current and prospective client relationships, targeting C-level stakeholders throughout the private and public sector.","Anything that would help with this process...","With the world becoming increasingly interconnected, the ability to engage with, network and work with people is tremendously important and I am well equipped to handle a wide range of scenarios. I am able to maintain focus in high-stress situations, and act quickly to meet tight deadlines. I'm an excellent communicator and team player. The focus of all my work has always been to solve problems and I know I would be an asset to this event. 

Thanks for the opportunity to apply!","","","","","","","","","","","I excel at and would want to help with brainstorming, breaking down processes, creating case studies, process modelling, stakeholder analysis, situational analysis.


","- I want to make Toronto a better city. Toronto is already a decent city, but it has the potential to be great. Being able to participate in an opportunity like this will continue to build on my skills and hopefully contribute to shaping the future of Toronto. ","@frawlspace"
"2015/08/20 5:02:03 PM GMT","David ","Islip","ryan.islip@mail.utoronto.ca","Data Detective","","","","","","","","","","","","","","","","Profession","I have experience using matlab, excel, python, C, C++ and R to analyse experimental data and data derived from numerical simulations. I have performed physics experiments at the university of toronto that required large sets of data to be analyzed. ","Matlab and Excel are my go to data analysis applications. ","csv","A computer with matlab, excel, R or some sort of data analysis software. It doesn't matter to me I learn quickly. ","I am an excellent candidate for the TrafficJam hackathon because I am a well rounded individual who thrives in a team setting and I have the necessary technical skills to accomplish tasks quickly and efficiently. ","Im looking to work on a project where I can use my knowledge of statistics, physics and modelling to come up with a crazy solution to a challenging problem. ","I want to learn more about the problems facing our city so I can help work to make Toronto's traffic systems more intelligent and integrated with our pedestrians and motorists. ","@ryanislip"
"2015/08/20 5:28:38 PM GMT","Ryan","Scarr","ryans.scarr@gmail.com","Developer","Profession","C;C++;C#;Java;Javascript;Python;SQL","security","Some experience","No","I have an idea to improve traffic, reduce the amount of traffic as well as accidents. I am almost done my education as a computer science and physics student at the University of Toronto. I currently working as an intern as a Junior Programmer.","","","","","","","","","","","","","","","","web applications.","I have an idea and I want to try to implement it.",""
"2015/08/21 3:41:36 PM GMT","Michelle","Zhou","michelle.zhou02@gmail.com","Data Detective","","","","","","","","","","","","","","","","Hobby","- chemical plant data (time-series, continuous, or batch data), patterns, trends, logistic and linear regressions, clustering, etc. 
- data manipulation, visualization","- R
- Orange
- Matlab
- a bit of SQL","csv","N/A","I like data of all kinds, especially to derive insightful conclusions and drive an actionable path forward to guide decision-making in our city.  ","model traffic Delays,  Visualizing carpooling and different bus route scenarios","I want to learn from other people how they think about our traffic data, and brainstorm on ways to improve the system! ","michellezhou"
"2015/08/21 7:22:35 PM GMT","matt","worona","matthew92worona@gmail.com","Idea Generator","","","","","","","Currently work as a Smart Commute Program Coordinator at the City of Toronto. Have lots of not for profit and advocacy experience around transportation demand management solutions. Sat on several committees and stakeholder groups relating to active transportation and transit redesign in Halifax, Nova Scotia.","Held positions as a Marketing Director for active transportation and complete and open streets pilot projects with the Planning and Design Centre, Halifax Cycling Coalition, and the Dalhousie Bike Centre. Built campaigns around alternative transportation options and working closely with city staff in the development of a new 5 Active Transportation Plan for Halifax.","Have worked on 2 start-up teams. Was one of the first hires at LeadSift social media selling company. Experience working with natural language algorithm refinement. Also have design skills around layout and usability as well as some basic UI design experience.","Data, Photoshop, Indesign and internet.","I am well versed in false assumptions in the TDM field and would like to help with problem framing and idea generation. 

Looking at the impacts and the trade-offs in a systemic way and applying principles from Jarrett Walker on Transit, Donald Shoup for Parking and Land Use and Jane Jacobs to ensure solutions built take into account basic tenets of traffic demand.","","","","","","","","","","","Not sure. I have lots of ideas. I think visualizations would be powerful for the Toronto context. Data could provide strong stories about how people move and where priorities should be set.
","This is my hobby and my profession. My interest in Transportation Demand Management had led me to devour every book on the subject. I'm hoping to help a team understand and appreciate the nitty gritty aspects of a problem that they intend to solve.","@mattworona"
"2015/08/22 11:07:01 PM GMT","Priscilla","Kwan","priscilla.kwan@gmail.com","Data Detective","","","","","","","","","","","","","","","","Profession","I worked with AECL Chalk River Labs for a summer running experiments and analyzing the data, and have been working in the engineering department for a chemicals company for the past few years, which has involved gathering and analyzing data to optimize plant operations.","Excel","csv","No","As someone who both drives and also takes public transit, I experience both on a regular basis. I enjoy trying to better understand problems and context, particularly when it involves a human element, and have developed an appreciation for the problem solving process. ","I am interested in working on visualizations which would help make data about transit issues or plans more accessible to either idea generators within the team or to the public. I am also particularly interested in data surrounding 401 congestion and TTC accessibility.","I am always interested to learn more in a quantitative sense about the infrastructure and planning issues facing the regions that I interact with. Additionally, this will be a great opportunity to meet people from across the city with diverse interests, problems, and ideas.",""
"2015/08/24 4:17:46 PM GMT","Larry","Chong","L4chong@gmail.com","Developer","Profession","Java;Javascript;PHP;Node.js","I'm open in learning any new technologies. ","Some experience","Yes","I live in Toronto and I have a first hand experience with the Traffic congestion in Toronto. I am passionate in building new things and developing apps. ","","","","","","","","","","","","","","","","Android, Android Studio, Java, Node.js. ","I'm passionate in building new things and developing apps. I have live in Toronto and I have a good understanding of the traffic problems around Toronto. I would like to contribute and make a difference :) ","@LarryCh0ng"
"2015/08/24 6:07:02 PM GMT","Jameel","Mulani","jameelmulani@gmail.com","Digital Artist","","","","","","","","","","","","Graphic Designer;Web Designer;Architecture","Profession","I am very interested in how data and space will interact when it comes to traffic congestion. Any access to maps will allow for interesting representations of data, and unique methods of communication. ","An interdisciplinary approach. Having a background in architecture as well as professional experience in development. I would be able to contribute a unique perspective to a problem that transcends disciplines.  ","","","","","","","I am interested in the data and the stories it will tell. I believe the story and its insight will ultimately lead to a host of solutions which can be manifested in various different approaches. Depending upon my team and our direction and consensus. I feel like I have the experience to contribute to any kind of project.  ","I believe I have value to contribute to this exercise. I am excited to learn in an interdisciplinary environment and collaborate with like minded people. ","@jameeljamool"
"2015/09/01 9:25:36 PM GMT","Mohammad","Al-Ansari","mohammad.ansari@gmail.com","Idea Generator","","","","","","","Working on ATMS software and ITS solutions for 3 years for IBI Group","I do enjoy storytelling on a personal level and was told I am a good storyteller","Working for over 12 years in software development, hardware integration and business both as freelance, contractor, and management/leadership positions for multiple clients and companies","Laptop, Wifi ...","I have been strongly climbing the ladder when it comes to ITS. I have been involved with international projects and have worked on ATMS projects on various levels (development, requirement gathering, on-site implementation, project management), and definitely want to see what ideas are there. I also enjoy the startup culture and hackathons and idea generation - I thrive on ideas. This will be a great opportunity to apply all.","","","","","","","","","","","Ideas - anything from Ruby on Rails to .NET, or mockup tools. Cloud-based platforms.","I want to meet other companies and people who work in the sphere, get to know the industry more and be enlightened, to be creative you need more input - more ideas, more exposure.","@ansarico"
"2015/09/02 5:18:42 PM GMT","Denys","Pavlov","denys.pavlov+trafficjam@gmai.com","Developer","Profession","C;Java;Javascript;Python;SQL;Node.js;Go","Rust","Some experience","Yes","I know a wide spread of different technologies that I can plug together quickly. I generate rapid prototypes to test out ideas early.","","","","","","","","","","","","","","","","I'm working on UI improvements to systems that people use day to day, with the objective of eliminating user errors and accelerating their productivity.","I am interested in the traffic space, and would love to help out my favourite city.","meatcar"
"2015/09/02 5:25:01 PM GMT","Bill","Tran","billtran@live.ca","Developer","Profession","C#;Javascript;SQL;Node.js","3d and game development","No","No","I'm a full stack web engineer currently working as a lead developer. I have led small teams in the development of full scale applications.

My main skill sets including front-end design, requirements gathering, agile management, back-end programming, database design and programming.

I have deep technical knowledge, good communication and leadership skills.","","","","","","","","","","","","","","","","I work on enterprise level applications and mobile friendly web applications.

I'm looking to get into game development, 3d development and cross platform native mobile app development.","To attempt to make traffic, and commuting less stressful, easier and more efficient.","billatinorbital"
"2015/09/03 8:39:13 PM GMT","Steven","Farber","steven.farber@utoronto.ca","Idea Generator","","","","","","","I'm a transportation geographer, researcher, and professor in geography and planning at University of Toronto. I conduct research on the interface between Land Use, Travel Behaviour, the patterns of daily life, and their impacts on QoL and society.","I write 4-6 academic articles per year, present my research at 3-6 conferences per year, and teach transport policy, spatial analysis, and GIS annually to dozens of undergrad and graduate students.","I worked for 2 years as analyst at Environics Analytics, a leading geodemographics marketing firm in the GTA. I helped design software tools for data analysis, urban planning, and bank branch network planning.  I also oversee programmers working on GIS apps for graduate level research on transportation and public transit research.","Just bright minds and capable programmers! Hard to come by these as a geography prof.","I'm an active researcher in the GTA with knowledge of data sources, transportation policy issues, and the theory of how transportation impacts people in their daily lives. I'm passionate about travel times and how we can nudge people into more sustainable activity patterns. ","","","","","","","","","","","i'm interested in visualizations that help the public understand the costs and benefits of public transit investments, investments in bicycle lanes, and the reduction of on-street driving and parking capacity in favour of cycling and transit lanes.  The science tells us this is good for the city, now how to convince the public!?","I want to join my research expertise with a team of developers and data scientists in order to educate the city on transportation issues and affect positive change in the GTA's transportation system.","@FarberSteven"
"2015/09/09 8:05:43 PM GMT","Raphael","Angoluan","rtyst@hotmail.com","Digital Artist","","","","","","","","","","","","UI/UX Designer;Graphic Designer","Profession","A PC with Adobe Photoshop. Possible a bouncy ball as a seat :)","Being a New Media student at Ryerson, I've been taught how odern installations appeal to the viewers eyes. Creating a story through an art piece is what myself as a New Media student specializes in. As a full time student and contracted UX/UI Designer for a start up compant called 1 Degree Labs which is creating a new Ryerson app, I want to keep my schedule full to constantly flush out ideas for both class and work effectively. I've also participated in 2 Hackathons at Ryerson both of them winning 1st place.","","","","","","","Not anything in particular, I just want to be able to tell a story through designing as it is my passion. ","I haven't had many hackathons to attend to except the few at Ryerson Universty. The imprint they left on me was such a positive one that I want to participate in as many of these as I can. Commuting to Ryerson everyday from Markham grants me a lot of time to theory craft my projects, maybe others commuting like me will be able to listen to a story created by TrafficJam maybe.",""
"2015/09/09 9:58:07 PM GMT","Nate","Wessel","nate.wessel@mail.utoronto.ca","Idea Generator","","","","","","","I did my undergrad in urban planning and am currently working on a PhD in planning at the UofT. I've been involved with a number of community organizations doing planning work also. ","For the last several years I've written a data-oriented transit blog at http://www.cincymap.org/blog","Experienced with R, PostGIS, PgRouting, QGIS, ArcGIS, GRASS, Python, PHP, Javascript, Matlab","Espresso machine","I've spent the last several years studying transport quantitatively in Cincinnati. Now that I'm living in Toronto, I'd like to get involved in the same way here. Also, there's that whole 'outside perspective' thing going on still :-)","","","","","","","","","","","I don't really know yet what data is available to this group or in the region generally. Naturally, everything depends on that! Whatever I did would definitely have a strong cartographic component.","I think it will be very interesting.",""
"2015/09/09 10:00:55 PM GMT","Cathal","Smyth","cathalsmyth84@gmail.com","Data Detective","","","","","","","","","","","","","","","","Profession","Phd in physics with 10 years experience using matlab.
Post-doc in big data at fields institute.","Matlab
R
","csv","Fast local network
","I understand the need of data wrangling and how to approach it. 
I understand statistics, probabilities, sampling, and dynamical models. 
I've participated in industry problem solving workshops in big data before. (sports analytics)","visualization
metrics
data stories","gain practical experience
meet like-minded people.",""
"2015/09/10 12:07:25 AM GMT","Lillian","Jia","jia.lillian@gmail.com","Digital Artist","","","","","","","","","","","","UI/UX Designer;Graphic Designer;Illustrator;Web Designer","Profession;Hobby","You wouldn't happen to have a working traffic light would you? Or something smaller that emulates that?","I'm a graphic designer turned ui/ux designer. I love working together with people of different backgrounds to solve problems/pain points. Hackathons are amazing platforms to gather like-minded people to do exactly that: socialize and crack out solutions to real problems. I have the passion, I have the skills, I just need a ticket... and a team. Hopefully TrafficJam can help with both. Thanks!","","","","","","","I personally veer towards mobile/tablet/web apps because I they're the most accessible digital platform nowadays, and I have the skills of a designer (and the passion) to create user-friendly interfaces. However, I'm extremely interested in data stories and visualization. I'm always open to new knowledge, trying new things, so I'm not set on anything just yet.","I like learning new things; I like working in a team; I like bouncing ideas off of people from all walks of life, from different professional fields; and I love solving problems.","@itslil07"
"2015/09/11 2:18:31 AM GMT","Simon","Guan","guan.simon@gmail.com","Data Detective","","","","","","","","","","","","","","","","Hobby","I work with data on a frequent basis as the Sustainability Manager of General Motors of Canada Ltd. Recently, I analyzed our equipment downtime data set to find solutions for minimizing downtime and areas of weakness in our preventative maintenance program. I also successfully implemented a corrective action plan on sludge reduction through data mining.

I have Chemical Engineering and MBA degrees from the University of Toronto.","I do not use too sophisticated database applications but am extremely proficient with Excel and Excel Macros.","csv","I would be more than interested in familiarizing myself with data tools and learning to be proficient with them in advance of the hackathon.","I am passionate about the issue and highly motivated to learn and contribute. I have a strong set of analytical skills and experience dealing with complex data sets.","Pretty interested in taking on any projects that could be of help.","Again, very passionate about the issue and looking to apply my skills to contribute in anyway possible.","@guansimo"